1,google.com
2,youtube.com
3,tmall.com
4,qq.com
5,baidu.com
6,sohu.com
7,taobao.com
8,facebook.com
9,360.cn
10,yahoo.com
11,amazon.com
12,zoom.us
13,jd.com
14,wikipedia.org
15,weibo.com
16,live.com
17,xinhuanet.com
18,sina.com.cn
19,microsoft.com
20,reddit.com
21,office.com
22,netflix.com
23,zhanqi.tv
24,panda.tv
25,microsoftonline.com
26,csdn.net
27,alipay.com
28,myshopify.com
29,vk.com
30,instagram.com
31,github.com
32,okezone.com
33,yahoo.co.jp
34,bing.com
35,google.com.hk
36,stackoverflow.com
37,naver.com
38,adobe.com
39,ebay.com
40,bongacams.com
41,apple.com
42,twitch.tv
43,aparat.com
44,aliexpress.com
45,tianya.cn
46,amazon.in
47,twitter.com
48,yandex.ru
49,huanqiu.com
50,yy.com
51,amazon.co.jp
52,chaturbate.com
53,dropbox.com
54,linkedin.com
55,mail.ru
56,wordpress.com
57,google.co.in
58,indeed.com
59,tribunnews.com
60,17ok.com
61,msn.com
62,instructure.com
63,whatsapp.com
64,google.com.br
65,ok.ru
66,chase.com
67,amazonaws.com
68,babytree.com
69,tradingview.com
70,freepik.com
71,kompas.com
72,haosou.com
73,etsy.com
74,cnblogs.com
75,so.com
76,canva.com
77,google.co.jp
78,rakuten.co.jp
79,spotify.com
80,pornhub.com
81,imdb.com
82,hao123.com
83,intuit.com
84,google.cn
85,imgur.com
86,xvideos.com
87,cnn.com
88,tiktok.com
89,digikala.com
90,padlet.com
91,udemy.com
92,zillow.com
93,savefrom.net
94,detik.com
95,wetransfer.com
96,google.fr
97,6.cn
98,grammarly.com
99,amazon.co.uk
100,gome.com.cn
101,stackexchange.com
102,thestartmagazine.com
103,telegram.org
104,nytimes.com
105,google.ru
106,amazon.de
107,163.com
108,fandom.com
109,google.de
110,paypal.com
111,bbc.com
112,tumblr.com
113,ettoday.net
114,pixnet.net
115,zhihu.com
116,grid.id
117,roblox.com
118,nih.gov
119,ilovepdf.com
120,livejasmin.com
121,indiatimes.com
122,kumparan.com
123,espn.com
124,duckduckgo.com
125,daum.net
126,salesforce.com
127,xhamster.com
128,onlinesbi.com
129,sogou.com
130,rednet.cn
131,soundcloud.com
132,1688.com
133,speedtest.net
134,google.es
135,bilibili.com
136,liputan6.com
137,vimeo.com
138,google.it
139,wix.com
140,quizlet.com
141,tokopedia.com
142,pinterest.com
143,healthline.com
144,booking.com
145,bbc.co.uk
146,tistory.com
147,unsplash.com
148,godaddy.com
149,ups.com
150,usps.com
151,walmart.com
152,varzesh3.com
153,force.com
154,researchgate.net
155,smallpdf.com
156,amazon.ca
157,51sole.com
158,avito.ru
159,hdfcbank.com
160,craigslist.org
161,deepl.com
162,fidelity.com
163,bet9ja.com
164,investing.com
165,google.com.tw
166,forbes.com
167,zerodha.com
168,google.com.mx
169,slideshare.net
170,chess.com
171,google.com.sg
172,merdeka.com
173,t.me
174,mediafire.com
175,suara.com
176,51.la
177,google.co.uk
178,setn.com
179,youm7.com
180,investopedia.com
181,alwafd.news
182,360.com
183,globo.com
184,webex.com
185,videocampaign.co
186,pikiran-rakyat.com
187,gosuslugi.ru
188,primevideo.com
189,box.com
190,washingtonpost.com
191,capitalone.com
192,google.com.tr
193,theguardian.com
194,alibaba.com
195,w3schools.com
196,mozilla.org
197,disneyplus.com
198,cnet.com
199,skype.com
200,businessinsider.com
201,asos.com
202,bukalapak.com
203,bestbuy.com
204,behance.net
205,momoshop.com.tw
206,uol.com.br
207,ikea.com
208,trendyol.com
209,hulu.com
210,icicibank.com
211,sindonews.com
212,soso.com
213,aliexpress.ru
214,ebay.de
215,google.ca
216,ltn.com.tw
217,homedepot.com
218,realtor.com
219,kakao.com
220,discord.com
221,yelp.com
222,irs.gov
223,metropoles.com
224,in.gr
225,blackboard.com
226,manage.wix.com
227,flipkart.com
228,jiameng.com
229,airbnb.com
230,proiezionidiborsa.it
231,chouftv.ma
232,reverso.net
233,myworkday.com
234,google.com.sa
235,namnak.com
236,mercadolibre.com.mx
237,iqiyi.com
238,google.com.ar
239,telewebion.com
240,chegg.com
241,ameritrade.com
242,hp.com
243,fiverr.com
244,xnxx.com
245,medium.com
246,coingecko.com
247,google.co.th
248,cnzz.com
249,foxnews.com
250,marketwatch.com
251,redd.it
252,manoramaonline.com
253,lazada.sg
254,target.com
255,mercari.com
256,zol.com.cn
257,taboola.com
258,moneycontrol.com
259,scribd.com
260,shaparak.ir
261,wikihow.com
262,dcard.tw
263,t.co
264,mercadolibre.com.ar
265,thesaurus.com
266,trello.com
267,weather.com
268,etoro.com
269,adp.com
270,google.com.eg
271,bbcollab.com
272,sciencedirect.com
273,samsung.com
274,amazon.fr
275,geeksforgeeks.org
276,etrade.com
277,weebly.com
278,shutterstock.com
279,patreon.com
280,runoob.com
281,steamcommunity.com
282,cloudfront.net
283,sahibinden.com
284,squarespace.com
285,hootsuite.com
286,japanpost.jp
287,dailymotion.com
288,linktr.ee
289,coursera.org
290,donya-e-eqtesad.com
291,blogger.com
292,hepsiburada.com
293,dailymail.co.uk
294,wildberries.ru
295,coupang.com
296,trustpilot.com
297,sonhoo.com
298,ih5.cn
299,nicovideo.jp
300,naukri.com
301,shopee.tw
302,efu.com.cn
303,schwab.com
304,wikimedia.org
305,documentforce.com
306,amazon.it
307,rt.com
308,canada.ca
309,pinimg.com
310,surveymonkey.com
311,namasha.com
312,y2mate.com
313,binance.com
314,google.pl
315,wixsite.com
316,google.co.id
317,tv9marathi.com
318,tencent.com
319,idntimes.com
320,cambridge.org
321,goodreads.com
322,zendesk.com
323,amazon.es
324,oschina.net
325,wellsfargo.com
326,namu.wiki
327,ebay-kleinanzeigen.de
328,wayfair.com
329,sberbank.ru
330,iyiou.com
331,constantcontact.com
332,360doc.com
333,hotstar.com
334,td.com
335,fedex.com
336,patch.com
337,heavy.com
338,etherscan.io
339,aol.com
340,orange.fr
341,ouedkniss.com
342,archive.org
343,abs-cbn.com
344,citi.com
345,fast.com
346,xfinity.com
347,quora.com
348,coursehero.com
349,crunchyroll.com
350,breitbart.com
351,tutorialspoint.com
352,google.com.ua
353,brilio.net
354,mercadolivre.com.br
355,reuters.com
356,tripadvisor.com
357,ebay.co.uk
358,googlevideo.com
359,filimo.com
360,104.com.tw
361,web.de
362,ask.com
363,gmw.cn
364,slack.com
365,files.wordpress.com
366,verizon.com
367,gotowebinar.com
368,alodokter.com
369,oracle.com
370,dell.com
371,att.com
372,cnnic.cn
373,bankofamerica.com
374,ca.gov
375,ninisite.com
376,gusuwang.com
377,iqbroker.com
378,wordpress.org
379,asriran.com
380,allegro.pl
381,gismeteo.ru
382,shopee.co.id
383,gamepedia.com
384,issuu.com
385,worldometers.info
386,ozon.ru
387,americanexpress.com
388,impress.co.jp
389,okta.com
390,myworkdayjobs.com
391,biobiochile.cl
392,nta.go.jp
393,ny.gov
394,cdc.gov
395,twimg.com
396,ensonhaber.com
397,rambler.ru
398,cqhot.cn
399,usatoday.com
400,outbrain.com
401,bitbucket.org
402,banvenez.com
403,kakaku.com
404,uptodown.com
405,jpnn.com
406,coinmarketcap.com
407,op.gg
408,elwatannews.com
409,pearson.com
410,costco.com
411,madrasati.sa
412,divar.ir
413,academia.edu
414,ebay.com.au
415,google.com.au
416,cvs.com
417,google.co.kr
418,sourceforge.net
419,ibicn.com
420,mytheresa.com
421,spankbang.com
422,liansuo.com
423,europa.eu
424,justdial.com
425,khanacademy.org
426,gov.ao
427,58.com
428,focus.cn
429,patria.org.ve
430,nikkei.com
431,rakuten.com
432,it168.com
433,mheducation.com
434,theepochtimes.com
435,dmm.co.jp
436,gmx.net
437,akamaized.net
438,webmd.com
439,discordapp.com
440,smartsheet.com
441,genius.com
442,powerbi.com
443,springer.com
444,9gag.com
445,ladbible.com
446,onlyfans.com
447,activehosted.com
448,cnbcindonesia.com
449,deviantart.com
450,schoology.com
451,cricbuzz.com
452,udn.com
453,tudou.com
454,irctc.co.in
455,1337x.to
456,wordreference.com
457,eghtesadonline.com
458,w3school.com.cn
459,nypost.com
460,qualtrics.com
461,shein.com
462,google.gr
463,eghtesadnews.com
464,fc2.com
465,huaban.com
466,dianping.com
467,google.com.vn
468,doubleclick.net
469,softonic.com
470,mit.edu
471,techradar.com
472,alnaharegypt.com
473,livejournal.com
474,kundelik.kz
475,zoho.com
476,turkiye.gov.tr
477,theverge.com
478,dbs.com.sg
479,jamnews.com
480,redbubble.com
481,finviz.com
482,clickpost.jp
483,51yes.com
484,walgreens.com
485,mailchimp.com
486,borna.news
487,bhphotovideo.com
488,wiley.com
489,dhl.com
490,kontan.co.id
491,bigcommerce.com
492,aajtak.in
493,norton.com
494,rezka.ag
495,messenger.com
496,ebc.net.tw
497,cnnindonesia.com
498,taleo.net
499,stocktwits.com
500,chron.com